{"data":{"allSettingsJson":{"settings":[{"siteConfiguration":{"featureToggles":{"useCookieBar":false,"useDarkModeAsDefault":false,"useDarkModeBasedOnUsersPreference":false},"logo":{"text":null},"navigation":{"ctaButton":{"label":"Reservar en Línea","openNewTab":true,"url":"/reservar"},"footer":[],"header":[{"label":"Servicios","url":"/servicios"},{"label":"Sobre Nosotros","url":"/sobre-nosotros"},{"label":"Blog","url":"/blog"},{"label":"Reseñas","url":"/#reseñas"},{"label":"Contacto","url":"/#contacto"}]}}}]}}}