{"data":{"allHeroJson":{"sections":[{"description":"Bienvenido a nuestro salón ubicado en Carretera a El Salvador, donde nos especializamos en todo lo relacionado con la belleza. Nuestros estilistas capacitados ofrecen una amplia gama de servicios de corte, teñido y estilismo de cabello para ayudarte a lograr el aspecto que deseas. También ofrecemos servicios completos de uñas, incluyendo manicure y pedicure, así como maquillaje y otros servicios de belleza.","heroPhoto":null,"image":null,"intro":"Una nueva experience","socialProfiles":{"from":["instagram","whatsapp","facebook"],"showIcons":true},"calendly":null,"subtitle":{"highlight":"Plaza Pinnula","prefix":"Visítanos en ","suffix":"."},"title":" de belleza"}]}}}