{"data":{"allSettingsJson":{"settings":[{"siteMetadata":{"author":"Nik Salon","avatar":null,"bio":"This is no longer userd, biography will be used in the footer area of an article and can contain some more details about the author.","description":"En nuestro salón de belleza ofrecemos una amplia variedad de servicios de peluquería y estética para mejorar tu apariencia. Ven y descubre nuestras opciones","language":"es","siteUrl":"https://niksalon.com.gt","thumbnail":null,"title":"Nik Salon Beauty Studio - Cortes de cabello, estilos, colores y más","social":{"behance":null,"github":null,"medium":null,"linkedin":null,"mail":null,"twitter":null,"mastodon":null,"hashnode":null,"devto":null,"instagram":"https://instagram.com/niksal0n","youtube":null,"twitch":null,"gitlab":null,"stackoverflow":null,"buymeacoffee":null,"discord":null,"dribble":null,"goodreads":null,"patreon":null,"reddit":null},"titleTemplate":"%s · Nik Salon"}}]}}}