{"data":{"allArticle":{"articles":[{"categories":["Wedding","Party","Groups"],"date":"2021-05-28 00:00:00","slug":"/blog/birthdays/","title":"Weddings","readingTime":{"text":"3 min read"}},{"categories":["Wedding","Party","Groups"],"date":"2021-05-28 00:00:00","slug":"/blog/fathers-day/","title":"Weddings","readingTime":{"text":"3 min read"}},{"categories":["Wedding","Party","Groups"],"date":"2021-05-28 00:00:00","slug":"/blog/christmas/","title":"Weddings","readingTime":{"text":"3 min read"}},{"categories":["Wedding","Party","Groups"],"date":"2021-05-28 00:00:00","slug":"/blog/new-years/","title":"Weddings","readingTime":{"text":"3 min read"}},{"categories":["Wedding","Party","Groups"],"date":"2021-05-28 00:00:00","slug":"/blog/mothers-day/","title":"Weddings","readingTime":{"text":"3 min read"}},{"categories":["Wedding","Party","Groups"],"date":"2021-05-28 00:00:00","slug":"/blog/parties/","title":"Weddings","readingTime":{"text":"3 min read"}},{"categories":["Wedding","Party","Groups"],"date":"2021-05-28 00:00:00","slug":"/blog/weddings/","title":"Weddings","readingTime":{"text":"3 min read"}},{"categories":["Wedding","Party","Groups"],"date":"2021-05-28 00:00:00","slug":"/blog/valenties-day/","title":"Weddings","readingTime":{"text":"3 min read"}}]}}}