{"data":{"allReviewsJson":{"sections":[{"reviews":[{"description":"Recientemente visité Nik Salon para una cita de uñas de gel y debo decir que quedé muy impresionada con mi experiencia. Desde el momento en que entré, fui recibida con una cálida sonrisa y un ambiente acogedor. El servicio que recibí fue de primera calidad y quedé muy contenta con mis nuevas uñas de gel. Recomiendo encarecidamente este salón de belleza a cualquiera que busque una gran experiencia de uñas.","title":"Uñas de Gel Fantásticas y Servicio Amable","stars":5,"visible":true},{"description":"Hace unas semanas visité Nik Salon para un corte y estilo, y quedé muy contenta con los resultados. El estilista escuchó cuidadosamente mis solicitudes y me dio un corte de cabello que fue exactamente lo que quería. El ambiente del salón es cómodo y acogedor, y el personal fue amable y profesional. En general, tuve una buena experiencia en Nik Salon y lo recomendaría a otros.","title":"Una Buena Experiencia de Corte y Estilo en Nik Salon","stars":4,"visible":true},{"description":"Hace poco visité Nik Salon para servicios de cabello, uñas y maquillaje, y tuve una excelente experiencia. El personal fue amable y servicial, y pude relajarme y disfrutar de mis tratamientos. La coloración del cabello quedó genial, quedé muy contenta con el resultado final. En general, recomiendo Nik Salon para cualquier persona que busque un salón de belleza de calidad.","title":"Servicio amigable y tratamientos de calidad","stars":5,"visible":true}]}]}}}