{"app":["/app-33def1d93e8e519784ce.js"],"component---cache-caches-gatsby-plugin-offline-app-shell-js":["/component---cache-caches-gatsby-plugin-offline-app-shell-js-342b8d1cd7261a1b5b72.js"],"component---src-gatsby-theme-portfolio-minimal-pages-404-tsx":["/component---src-gatsby-theme-portfolio-minimal-pages-404-tsx-93dfc36b6bc829f7e6e0.js"],"component---src-gatsby-theme-portfolio-minimal-templates-article-index-tsx":["/component---src-gatsby-theme-portfolio-minimal-templates-article-index-tsx-423ecfc38c8b1b10aedd.js"],"component---src-gatsby-theme-portfolio-minimal-templates-article-listing-index-tsx":["/component---src-gatsby-theme-portfolio-minimal-templates-article-listing-index-tsx-9a4e57e59a2f6af0d1fb.js"],"component---src-gatsby-theme-portfolio-minimal-templates-service-index-tsx":["/component---src-gatsby-theme-portfolio-minimal-templates-service-index-tsx-b95fa876547a560c7314.js"],"component---src-gatsby-theme-portfolio-minimal-templates-service-listing-index-tsx":["/component---src-gatsby-theme-portfolio-minimal-templates-service-listing-index-tsx-f41b5ef90d2c5309bc90.js"],"component---src-pages-imprint-js":["/component---src-pages-imprint-js-da3df7b5777cb5da272f.js"],"component---src-pages-index-js":["/component---src-pages-index-js-01b3470624c00d9904dd.js"],"component---src-pages-privacy-js":["/component---src-pages-privacy-js-53edfdc0f846d4d13e42.js"],"component---src-pages-reservar-js":["/component---src-pages-reservar-js-8a24ee61d4d52b925cc3.js"],"component---src-pages-sobre-nosotros-js":["/component---src-pages-sobre-nosotros-js-c44dd0a17a6b5981f5f2.js"]}