{"app":["/app-810bea109beadd554647.js"],"component---cache-caches-gatsby-plugin-offline-app-shell-js":["/component---cache-caches-gatsby-plugin-offline-app-shell-js-342b8d1cd7261a1b5b72.js"],"component---src-gatsby-theme-portfolio-minimal-pages-404-tsx":["/component---src-gatsby-theme-portfolio-minimal-pages-404-tsx-558e480987099ae83921.js"],"component---src-gatsby-theme-portfolio-minimal-templates-article-index-tsx":["/component---src-gatsby-theme-portfolio-minimal-templates-article-index-tsx-ce99fb5e9ba012a4c627.js"],"component---src-gatsby-theme-portfolio-minimal-templates-article-listing-index-tsx":["/component---src-gatsby-theme-portfolio-minimal-templates-article-listing-index-tsx-95e5f43df4cf407acf67.js"],"component---src-gatsby-theme-portfolio-minimal-templates-service-index-tsx":["/component---src-gatsby-theme-portfolio-minimal-templates-service-index-tsx-1e0cb0529222016a9aef.js"],"component---src-gatsby-theme-portfolio-minimal-templates-service-listing-index-tsx":["/component---src-gatsby-theme-portfolio-minimal-templates-service-listing-index-tsx-89a5d9de9f27eabd56ac.js"],"component---src-pages-imprint-js":["/component---src-pages-imprint-js-5eb108c8e8183fb61673.js"],"component---src-pages-index-js":["/component---src-pages-index-js-84eb5ba3f1e129ad8231.js"],"component---src-pages-privacy-js":["/component---src-pages-privacy-js-b63d499bdd9b4ad0dead.js"],"component---src-pages-reservar-js":["/component---src-pages-reservar-js-dd537a4a000376b0cbe1.js"],"component---src-pages-sobre-nosotros-js":["/component---src-pages-sobre-nosotros-js-1596e7d2f0803e45f53e.js"]}