{"name":"build-javascript","namedChunkGroups":{"app":{"name":"app","assets":[{"name":"webpack-runtime-51ee2fd5f86d0395af3b.js","size":6133},{"name":"framework-38e92c1df11f513b52a6.js","size":210941},{"name":"app-33def1d93e8e519784ce.js","size":98681}],"filteredAssets":0,"assetsSize":315755,"filteredAuxiliaryAssets":3,"auxiliaryAssetsSize":917561},"component---cache-caches-gatsby-plugin-offline-app-shell-js":{"name":"component---cache-caches-gatsby-plugin-offline-app-shell-js","assets":[{"name":"component---cache-caches-gatsby-plugin-offline-app-shell-js-342b8d1cd7261a1b5b72.js","size":571}],"filteredAssets":0,"assetsSize":571,"filteredAuxiliaryAssets":1,"auxiliaryAssetsSize":1675},"component---src-gatsby-theme-portfolio-minimal-pages-404-tsx":{"name":"component---src-gatsby-theme-portfolio-minimal-pages-404-tsx","assets":[{"name":"styles.e158b3992a5d1b51bbe0.css","size":111140},{"name":"69fb0770a3ba03421fd41ff1aafa6ac692d64279-88b13289102236c08ee6.js","size":50161},{"name":"b1c3b85558c5c4e42413de6e5de700227fb9434b-54e0e88f2705bb774989.js","size":35651},{"name":"component---src-gatsby-theme-portfolio-minimal-pages-404-tsx-93dfc36b6bc829f7e6e0.js","size":1250}],"filteredAssets":0,"assetsSize":198202,"filteredAuxiliaryAssets":15,"auxiliaryAssetsSize":6138255},"component---src-gatsby-theme-portfolio-minimal-templates-article-index-tsx":{"name":"component---src-gatsby-theme-portfolio-minimal-templates-article-index-tsx","assets":[{"name":"styles.e158b3992a5d1b51bbe0.css","size":111140},{"name":"69fb0770a3ba03421fd41ff1aafa6ac692d64279-88b13289102236c08ee6.js","size":50161},{"name":"component---src-gatsby-theme-portfolio-minimal-templates-article-index-tsx-423ecfc38c8b1b10aedd.js","size":2859}],"filteredAssets":0,"assetsSize":164160,"filteredAuxiliaryAssets":13,"auxiliaryAssetsSize":669319},"component---src-gatsby-theme-portfolio-minimal-templates-article-listing-index-tsx":{"name":"component---src-gatsby-theme-portfolio-minimal-templates-article-listing-index-tsx","assets":[{"name":"styles.e158b3992a5d1b51bbe0.css","size":111140},{"name":"69fb0770a3ba03421fd41ff1aafa6ac692d64279-88b13289102236c08ee6.js","size":50161},{"name":"component---src-gatsby-theme-portfolio-minimal-templates-article-listing-index-tsx-9a4e57e59a2f6af0d1fb.js","size":15550}],"filteredAssets":0,"assetsSize":176851,"filteredAuxiliaryAssets":13,"auxiliaryAssetsSize":734404},"component---src-gatsby-theme-portfolio-minimal-templates-service-index-tsx":{"name":"component---src-gatsby-theme-portfolio-minimal-templates-service-index-tsx","assets":[{"name":"styles.e158b3992a5d1b51bbe0.css","size":111140},{"name":"69fb0770a3ba03421fd41ff1aafa6ac692d64279-88b13289102236c08ee6.js","size":50161},{"name":"component---src-gatsby-theme-portfolio-minimal-templates-service-index-tsx-b95fa876547a560c7314.js","size":1820}],"filteredAssets":0,"assetsSize":163121,"filteredAuxiliaryAssets":13,"auxiliaryAssetsSize":666198},"component---src-gatsby-theme-portfolio-minimal-templates-service-listing-index-tsx":{"name":"component---src-gatsby-theme-portfolio-minimal-templates-service-listing-index-tsx","assets":[{"name":"styles.e158b3992a5d1b51bbe0.css","size":111140},{"name":"69fb0770a3ba03421fd41ff1aafa6ac692d64279-88b13289102236c08ee6.js","size":50161},{"name":"component---src-gatsby-theme-portfolio-minimal-templates-service-listing-index-tsx-f41b5ef90d2c5309bc90.js","size":4122}],"filteredAssets":0,"assetsSize":165423,"filteredAuxiliaryAssets":13,"auxiliaryAssetsSize":677163},"component---src-pages-imprint-js":{"name":"component---src-pages-imprint-js","assets":[{"name":"styles.e158b3992a5d1b51bbe0.css","size":111140},{"name":"69fb0770a3ba03421fd41ff1aafa6ac692d64279-88b13289102236c08ee6.js","size":50161},{"name":"b1c3b85558c5c4e42413de6e5de700227fb9434b-54e0e88f2705bb774989.js","size":35651},{"name":"component---src-pages-imprint-js-da3df7b5777cb5da272f.js","size":534}],"filteredAssets":0,"assetsSize":197486,"filteredAuxiliaryAssets":15,"auxiliaryAssetsSize":6136393},"component---src-pages-index-js":{"name":"component---src-pages-index-js","assets":[{"name":"styles.e158b3992a5d1b51bbe0.css","size":111140},{"name":"framework-38e92c1df11f513b52a6.js","size":210941},{"name":"69fb0770a3ba03421fd41ff1aafa6ac692d64279-88b13289102236c08ee6.js","size":50161},{"name":"b1c3b85558c5c4e42413de6e5de700227fb9434b-54e0e88f2705bb774989.js","size":35651},{"name":"0d76c5cd9b89cabcf00f5699eef7b2c0d1d89821-6985a8b6e1abea7de65b.js","size":50658},{"name":"component---src-pages-index-js-01b3470624c00d9904dd.js","size":1681}],"filteredAssets":0,"assetsSize":460232,"filteredAuxiliaryAssets":17,"auxiliaryAssetsSize":6796771},"component---src-pages-privacy-js":{"name":"component---src-pages-privacy-js","assets":[{"name":"styles.e158b3992a5d1b51bbe0.css","size":111140},{"name":"69fb0770a3ba03421fd41ff1aafa6ac692d64279-88b13289102236c08ee6.js","size":50161},{"name":"b1c3b85558c5c4e42413de6e5de700227fb9434b-54e0e88f2705bb774989.js","size":35651},{"name":"component---src-pages-privacy-js-53edfdc0f846d4d13e42.js","size":746}],"filteredAssets":0,"assetsSize":197698,"filteredAuxiliaryAssets":15,"auxiliaryAssetsSize":6137298},"component---src-pages-reservar-js":{"name":"component---src-pages-reservar-js","assets":[{"name":"styles.e158b3992a5d1b51bbe0.css","size":111140},{"name":"framework-38e92c1df11f513b52a6.js","size":210941},{"name":"69fb0770a3ba03421fd41ff1aafa6ac692d64279-88b13289102236c08ee6.js","size":50161},{"name":"b1c3b85558c5c4e42413de6e5de700227fb9434b-54e0e88f2705bb774989.js","size":35651},{"name":"0d76c5cd9b89cabcf00f5699eef7b2c0d1d89821-6985a8b6e1abea7de65b.js","size":50658},{"name":"component---src-pages-reservar-js-8a24ee61d4d52b925cc3.js","size":1580}],"filteredAssets":0,"assetsSize":460131,"filteredAuxiliaryAssets":17,"auxiliaryAssetsSize":6793958},"component---src-pages-sobre-nosotros-js":{"name":"component---src-pages-sobre-nosotros-js","assets":[{"name":"styles.e158b3992a5d1b51bbe0.css","size":111140},{"name":"framework-38e92c1df11f513b52a6.js","size":210941},{"name":"69fb0770a3ba03421fd41ff1aafa6ac692d64279-88b13289102236c08ee6.js","size":50161},{"name":"b1c3b85558c5c4e42413de6e5de700227fb9434b-54e0e88f2705bb774989.js","size":35651},{"name":"0d76c5cd9b89cabcf00f5699eef7b2c0d1d89821-6985a8b6e1abea7de65b.js","size":50658},{"name":"component---src-pages-sobre-nosotros-js-c44dd0a17a6b5981f5f2.js","size":9792}],"filteredAssets":0,"assetsSize":468343,"filteredAuxiliaryAssets":17,"auxiliaryAssetsSize":6799529}},"assetsByChunkName":{"app":["webpack-runtime-51ee2fd5f86d0395af3b.js","framework-38e92c1df11f513b52a6.js","app-33def1d93e8e519784ce.js"],"component---cache-caches-gatsby-plugin-offline-app-shell-js":["component---cache-caches-gatsby-plugin-offline-app-shell-js-342b8d1cd7261a1b5b72.js"],"component---src-gatsby-theme-portfolio-minimal-pages-404-tsx":["styles.e158b3992a5d1b51bbe0.css","69fb0770a3ba03421fd41ff1aafa6ac692d64279-88b13289102236c08ee6.js","b1c3b85558c5c4e42413de6e5de700227fb9434b-54e0e88f2705bb774989.js","component---src-gatsby-theme-portfolio-minimal-pages-404-tsx-93dfc36b6bc829f7e6e0.js"],"component---src-gatsby-theme-portfolio-minimal-templates-article-index-tsx":["styles.e158b3992a5d1b51bbe0.css","69fb0770a3ba03421fd41ff1aafa6ac692d64279-88b13289102236c08ee6.js","component---src-gatsby-theme-portfolio-minimal-templates-article-index-tsx-423ecfc38c8b1b10aedd.js"],"component---src-gatsby-theme-portfolio-minimal-templates-article-listing-index-tsx":["styles.e158b3992a5d1b51bbe0.css","69fb0770a3ba03421fd41ff1aafa6ac692d64279-88b13289102236c08ee6.js","component---src-gatsby-theme-portfolio-minimal-templates-article-listing-index-tsx-9a4e57e59a2f6af0d1fb.js"],"component---src-gatsby-theme-portfolio-minimal-templates-service-index-tsx":["styles.e158b3992a5d1b51bbe0.css","69fb0770a3ba03421fd41ff1aafa6ac692d64279-88b13289102236c08ee6.js","component---src-gatsby-theme-portfolio-minimal-templates-service-index-tsx-b95fa876547a560c7314.js"],"component---src-gatsby-theme-portfolio-minimal-templates-service-listing-index-tsx":["styles.e158b3992a5d1b51bbe0.css","69fb0770a3ba03421fd41ff1aafa6ac692d64279-88b13289102236c08ee6.js","component---src-gatsby-theme-portfolio-minimal-templates-service-listing-index-tsx-f41b5ef90d2c5309bc90.js"],"component---src-pages-imprint-js":["styles.e158b3992a5d1b51bbe0.css","69fb0770a3ba03421fd41ff1aafa6ac692d64279-88b13289102236c08ee6.js","b1c3b85558c5c4e42413de6e5de700227fb9434b-54e0e88f2705bb774989.js","component---src-pages-imprint-js-da3df7b5777cb5da272f.js"],"component---src-pages-index-js":["styles.e158b3992a5d1b51bbe0.css","framework-38e92c1df11f513b52a6.js","69fb0770a3ba03421fd41ff1aafa6ac692d64279-88b13289102236c08ee6.js","b1c3b85558c5c4e42413de6e5de700227fb9434b-54e0e88f2705bb774989.js","0d76c5cd9b89cabcf00f5699eef7b2c0d1d89821-6985a8b6e1abea7de65b.js","component---src-pages-index-js-01b3470624c00d9904dd.js"],"component---src-pages-privacy-js":["styles.e158b3992a5d1b51bbe0.css","69fb0770a3ba03421fd41ff1aafa6ac692d64279-88b13289102236c08ee6.js","b1c3b85558c5c4e42413de6e5de700227fb9434b-54e0e88f2705bb774989.js","component---src-pages-privacy-js-53edfdc0f846d4d13e42.js"],"component---src-pages-reservar-js":["styles.e158b3992a5d1b51bbe0.css","framework-38e92c1df11f513b52a6.js","69fb0770a3ba03421fd41ff1aafa6ac692d64279-88b13289102236c08ee6.js","b1c3b85558c5c4e42413de6e5de700227fb9434b-54e0e88f2705bb774989.js","0d76c5cd9b89cabcf00f5699eef7b2c0d1d89821-6985a8b6e1abea7de65b.js","component---src-pages-reservar-js-8a24ee61d4d52b925cc3.js"],"component---src-pages-sobre-nosotros-js":["styles.e158b3992a5d1b51bbe0.css","framework-38e92c1df11f513b52a6.js","69fb0770a3ba03421fd41ff1aafa6ac692d64279-88b13289102236c08ee6.js","b1c3b85558c5c4e42413de6e5de700227fb9434b-54e0e88f2705bb774989.js","0d76c5cd9b89cabcf00f5699eef7b2c0d1d89821-6985a8b6e1abea7de65b.js","component---src-pages-sobre-nosotros-js-c44dd0a17a6b5981f5f2.js"]},"childAssetsByChunkName":{}}