{"name":"build-javascript","namedChunkGroups":{"app":{"name":"app","assets":[{"name":"webpack-runtime-c74d00a080b0cb7225de.js","size":6133},{"name":"framework-38e92c1df11f513b52a6.js","size":210941},{"name":"app-810bea109beadd554647.js","size":98149}],"filteredAssets":0,"assetsSize":315223,"filteredAuxiliaryAssets":3,"auxiliaryAssetsSize":915985},"component---cache-caches-gatsby-plugin-offline-app-shell-js":{"name":"component---cache-caches-gatsby-plugin-offline-app-shell-js","assets":[{"name":"component---cache-caches-gatsby-plugin-offline-app-shell-js-342b8d1cd7261a1b5b72.js","size":571}],"filteredAssets":0,"assetsSize":571,"filteredAuxiliaryAssets":1,"auxiliaryAssetsSize":1675},"component---src-gatsby-theme-portfolio-minimal-pages-404-tsx":{"name":"component---src-gatsby-theme-portfolio-minimal-pages-404-tsx","assets":[{"name":"styles.55403dab3c7bb131ae48.css","size":110096},{"name":"69fb0770a3ba03421fd41ff1aafa6ac692d64279-7fdf44cb27e6f0014187.js","size":49896},{"name":"b1c3b85558c5c4e42413de6e5de700227fb9434b-59a1b69f865eea4ef5b9.js","size":36122},{"name":"component---src-gatsby-theme-portfolio-minimal-pages-404-tsx-558e480987099ae83921.js","size":1250}],"filteredAssets":0,"assetsSize":197364,"filteredAuxiliaryAssets":15,"auxiliaryAssetsSize":6672416},"component---src-gatsby-theme-portfolio-minimal-templates-article-index-tsx":{"name":"component---src-gatsby-theme-portfolio-minimal-templates-article-index-tsx","assets":[{"name":"styles.55403dab3c7bb131ae48.css","size":110096},{"name":"69fb0770a3ba03421fd41ff1aafa6ac692d64279-7fdf44cb27e6f0014187.js","size":49896},{"name":"component---src-gatsby-theme-portfolio-minimal-templates-article-index-tsx-ce99fb5e9ba012a4c627.js","size":2860}],"filteredAssets":0,"assetsSize":162852,"filteredAuxiliaryAssets":13,"auxiliaryAssetsSize":668936},"component---src-gatsby-theme-portfolio-minimal-templates-article-listing-index-tsx":{"name":"component---src-gatsby-theme-portfolio-minimal-templates-article-listing-index-tsx","assets":[{"name":"styles.55403dab3c7bb131ae48.css","size":110096},{"name":"69fb0770a3ba03421fd41ff1aafa6ac692d64279-7fdf44cb27e6f0014187.js","size":49896},{"name":"component---src-gatsby-theme-portfolio-minimal-templates-article-listing-index-tsx-95e5f43df4cf407acf67.js","size":15551}],"filteredAssets":0,"assetsSize":175543,"filteredAuxiliaryAssets":13,"auxiliaryAssetsSize":734021},"component---src-gatsby-theme-portfolio-minimal-templates-service-index-tsx":{"name":"component---src-gatsby-theme-portfolio-minimal-templates-service-index-tsx","assets":[{"name":"styles.55403dab3c7bb131ae48.css","size":110096},{"name":"69fb0770a3ba03421fd41ff1aafa6ac692d64279-7fdf44cb27e6f0014187.js","size":49896},{"name":"component---src-gatsby-theme-portfolio-minimal-templates-service-index-tsx-1e0cb0529222016a9aef.js","size":1821}],"filteredAssets":0,"assetsSize":161813,"filteredAuxiliaryAssets":13,"auxiliaryAssetsSize":665815},"component---src-gatsby-theme-portfolio-minimal-templates-service-listing-index-tsx":{"name":"component---src-gatsby-theme-portfolio-minimal-templates-service-listing-index-tsx","assets":[{"name":"styles.55403dab3c7bb131ae48.css","size":110096},{"name":"69fb0770a3ba03421fd41ff1aafa6ac692d64279-7fdf44cb27e6f0014187.js","size":49896},{"name":"component---src-gatsby-theme-portfolio-minimal-templates-service-listing-index-tsx-89a5d9de9f27eabd56ac.js","size":3365}],"filteredAssets":0,"assetsSize":163357,"filteredAuxiliaryAssets":13,"auxiliaryAssetsSize":675804},"component---src-pages-imprint-js":{"name":"component---src-pages-imprint-js","assets":[{"name":"styles.55403dab3c7bb131ae48.css","size":110096},{"name":"69fb0770a3ba03421fd41ff1aafa6ac692d64279-7fdf44cb27e6f0014187.js","size":49896},{"name":"b1c3b85558c5c4e42413de6e5de700227fb9434b-59a1b69f865eea4ef5b9.js","size":36122},{"name":"component---src-pages-imprint-js-5eb108c8e8183fb61673.js","size":534}],"filteredAssets":0,"assetsSize":196648,"filteredAuxiliaryAssets":15,"auxiliaryAssetsSize":6670554},"component---src-pages-index-js":{"name":"component---src-pages-index-js","assets":[{"name":"styles.55403dab3c7bb131ae48.css","size":110096},{"name":"framework-38e92c1df11f513b52a6.js","size":210941},{"name":"69fb0770a3ba03421fd41ff1aafa6ac692d64279-7fdf44cb27e6f0014187.js","size":49896},{"name":"b1c3b85558c5c4e42413de6e5de700227fb9434b-59a1b69f865eea4ef5b9.js","size":36122},{"name":"0d76c5cd9b89cabcf00f5699eef7b2c0d1d89821-6985a8b6e1abea7de65b.js","size":50658},{"name":"component---src-pages-index-js-84eb5ba3f1e129ad8231.js","size":1661}],"filteredAssets":0,"assetsSize":459374,"filteredAuxiliaryAssets":17,"auxiliaryAssetsSize":7330911},"component---src-pages-privacy-js":{"name":"component---src-pages-privacy-js","assets":[{"name":"styles.55403dab3c7bb131ae48.css","size":110096},{"name":"69fb0770a3ba03421fd41ff1aafa6ac692d64279-7fdf44cb27e6f0014187.js","size":49896},{"name":"b1c3b85558c5c4e42413de6e5de700227fb9434b-59a1b69f865eea4ef5b9.js","size":36122},{"name":"component---src-pages-privacy-js-b63d499bdd9b4ad0dead.js","size":746}],"filteredAssets":0,"assetsSize":196860,"filteredAuxiliaryAssets":15,"auxiliaryAssetsSize":6671459},"component---src-pages-reservar-js":{"name":"component---src-pages-reservar-js","assets":[{"name":"styles.55403dab3c7bb131ae48.css","size":110096},{"name":"framework-38e92c1df11f513b52a6.js","size":210941},{"name":"69fb0770a3ba03421fd41ff1aafa6ac692d64279-7fdf44cb27e6f0014187.js","size":49896},{"name":"b1c3b85558c5c4e42413de6e5de700227fb9434b-59a1b69f865eea4ef5b9.js","size":36122},{"name":"0d76c5cd9b89cabcf00f5699eef7b2c0d1d89821-6985a8b6e1abea7de65b.js","size":50658},{"name":"component---src-pages-reservar-js-dd537a4a000376b0cbe1.js","size":1652}],"filteredAssets":0,"assetsSize":459365,"filteredAuxiliaryAssets":17,"auxiliaryAssetsSize":7328027},"component---src-pages-sobre-nosotros-js":{"name":"component---src-pages-sobre-nosotros-js","assets":[{"name":"styles.55403dab3c7bb131ae48.css","size":110096},{"name":"framework-38e92c1df11f513b52a6.js","size":210941},{"name":"69fb0770a3ba03421fd41ff1aafa6ac692d64279-7fdf44cb27e6f0014187.js","size":49896},{"name":"b1c3b85558c5c4e42413de6e5de700227fb9434b-59a1b69f865eea4ef5b9.js","size":36122},{"name":"0d76c5cd9b89cabcf00f5699eef7b2c0d1d89821-6985a8b6e1abea7de65b.js","size":50658},{"name":"component---src-pages-sobre-nosotros-js-1596e7d2f0803e45f53e.js","size":9768}],"filteredAssets":0,"assetsSize":467481,"filteredAuxiliaryAssets":17,"auxiliaryAssetsSize":7333641}},"assetsByChunkName":{"app":["webpack-runtime-c74d00a080b0cb7225de.js","framework-38e92c1df11f513b52a6.js","app-810bea109beadd554647.js"],"component---cache-caches-gatsby-plugin-offline-app-shell-js":["component---cache-caches-gatsby-plugin-offline-app-shell-js-342b8d1cd7261a1b5b72.js"],"component---src-gatsby-theme-portfolio-minimal-pages-404-tsx":["styles.55403dab3c7bb131ae48.css","69fb0770a3ba03421fd41ff1aafa6ac692d64279-7fdf44cb27e6f0014187.js","b1c3b85558c5c4e42413de6e5de700227fb9434b-59a1b69f865eea4ef5b9.js","component---src-gatsby-theme-portfolio-minimal-pages-404-tsx-558e480987099ae83921.js"],"component---src-gatsby-theme-portfolio-minimal-templates-article-index-tsx":["styles.55403dab3c7bb131ae48.css","69fb0770a3ba03421fd41ff1aafa6ac692d64279-7fdf44cb27e6f0014187.js","component---src-gatsby-theme-portfolio-minimal-templates-article-index-tsx-ce99fb5e9ba012a4c627.js"],"component---src-gatsby-theme-portfolio-minimal-templates-article-listing-index-tsx":["styles.55403dab3c7bb131ae48.css","69fb0770a3ba03421fd41ff1aafa6ac692d64279-7fdf44cb27e6f0014187.js","component---src-gatsby-theme-portfolio-minimal-templates-article-listing-index-tsx-95e5f43df4cf407acf67.js"],"component---src-gatsby-theme-portfolio-minimal-templates-service-index-tsx":["styles.55403dab3c7bb131ae48.css","69fb0770a3ba03421fd41ff1aafa6ac692d64279-7fdf44cb27e6f0014187.js","component---src-gatsby-theme-portfolio-minimal-templates-service-index-tsx-1e0cb0529222016a9aef.js"],"component---src-gatsby-theme-portfolio-minimal-templates-service-listing-index-tsx":["styles.55403dab3c7bb131ae48.css","69fb0770a3ba03421fd41ff1aafa6ac692d64279-7fdf44cb27e6f0014187.js","component---src-gatsby-theme-portfolio-minimal-templates-service-listing-index-tsx-89a5d9de9f27eabd56ac.js"],"component---src-pages-imprint-js":["styles.55403dab3c7bb131ae48.css","69fb0770a3ba03421fd41ff1aafa6ac692d64279-7fdf44cb27e6f0014187.js","b1c3b85558c5c4e42413de6e5de700227fb9434b-59a1b69f865eea4ef5b9.js","component---src-pages-imprint-js-5eb108c8e8183fb61673.js"],"component---src-pages-index-js":["styles.55403dab3c7bb131ae48.css","framework-38e92c1df11f513b52a6.js","69fb0770a3ba03421fd41ff1aafa6ac692d64279-7fdf44cb27e6f0014187.js","b1c3b85558c5c4e42413de6e5de700227fb9434b-59a1b69f865eea4ef5b9.js","0d76c5cd9b89cabcf00f5699eef7b2c0d1d89821-6985a8b6e1abea7de65b.js","component---src-pages-index-js-84eb5ba3f1e129ad8231.js"],"component---src-pages-privacy-js":["styles.55403dab3c7bb131ae48.css","69fb0770a3ba03421fd41ff1aafa6ac692d64279-7fdf44cb27e6f0014187.js","b1c3b85558c5c4e42413de6e5de700227fb9434b-59a1b69f865eea4ef5b9.js","component---src-pages-privacy-js-b63d499bdd9b4ad0dead.js"],"component---src-pages-reservar-js":["styles.55403dab3c7bb131ae48.css","framework-38e92c1df11f513b52a6.js","69fb0770a3ba03421fd41ff1aafa6ac692d64279-7fdf44cb27e6f0014187.js","b1c3b85558c5c4e42413de6e5de700227fb9434b-59a1b69f865eea4ef5b9.js","0d76c5cd9b89cabcf00f5699eef7b2c0d1d89821-6985a8b6e1abea7de65b.js","component---src-pages-reservar-js-dd537a4a000376b0cbe1.js"],"component---src-pages-sobre-nosotros-js":["styles.55403dab3c7bb131ae48.css","framework-38e92c1df11f513b52a6.js","69fb0770a3ba03421fd41ff1aafa6ac692d64279-7fdf44cb27e6f0014187.js","b1c3b85558c5c4e42413de6e5de700227fb9434b-59a1b69f865eea4ef5b9.js","0d76c5cd9b89cabcf00f5699eef7b2c0d1d89821-6985a8b6e1abea7de65b.js","component---src-pages-sobre-nosotros-js-1596e7d2f0803e45f53e.js"]},"childAssetsByChunkName":{}}